FECHA,Transporte,Ruta,Repartidor,Destinatario mcía.,Entrega,Material,Denominación,Cantidad entrega,Un.medida venta,Destinatario mcía..1,Nombre 1,Nombre 2,Calle,CP,Población,ZonaTransp,ZonaTransp.1,caixes_per_palet,volum_palet_l,pes_palet_kg,palets_equiv
05/02/2026,11443257,DR0051,855190,PEREZ PEREZ NEWMAN GREGORIO,827963524,NTL13LT6,NESTEA LIMON 1/3 LATA 4U-PACK 6U.,1,CAJ,9100759429,BAR CAMP DE TIR,BAR CAMP DE TIR,Carretera de Manlleu km 4,8503,GURB,DD13100058,MANLLEU,99.0,784.08,853.914,0.010101010101010102
05/02/2026,11443257,DR0051,855190,PEREZ PEREZ NEWMAN GREGORIO,827963524,VO13,VOLL-DAMM 1/3 RET.,1,CAJ,9100759429,BAR CAMP DE TIR,BAR CAMP DE TIR,Carretera de Manlleu km 4,8503,GURB,DD13100058,MANLLEU,60.0,475.2,1020.0,0.016666666666666666
05/02/2026,11443257,DR0051,855190,PEREZ PEREZ NEWMAN GREGORIO,827963524,CJ13,CAJA DAMM+BOT.1/3RET VACIO EN P.PLAS.A13,1,CAJ,9100759429,BAR CAMP DE TIR,BAR CAMP DE TIR,Carretera de Manlleu km 4,8503,GURB,DD13100058,MANLLEU,,,,0.1
05/02/2026,11443257,DR0051,855190,PEREZ PEREZ NEWMAN GREGORIO,827963525,ED13,ESTRELLA DAMM 1/3 RET. PP,4,CAJ,9100752860,SAZON DE LOS APOLOS,SAZON DE LOS APOLOS,Carretera d la Guixa 10,8500,VIC,DD13100055,ESTADI,60.0,475.2,1020.0,0.06666666666666667
05/02/2026,11443257,DR0051,855190,PEREZ PEREZ NEWMAN GREGORIO,827963525,CJ13,CAJA DAMM+BOT.1/3RET VACIO EN P.PLAS.A13,4,CAJ,9100752860,SAZON DE LOS APOLOS,SAZON DE LOS APOLOS,Carretera d la Guixa 10,8500,VIC,DD13100055,ESTADI,,,,0.1
05/02/2026,11443257,DR0051,855190,PEREZ PEREZ NEWMAN GREGORIO,827963525,ED13,ESTRELLA DAMM 1/3 RET. PP,2,CAJ,9100752860,SAZON DE LOS APOLOS,SAZON DE LOS APOLOS,Carretera d la Guixa 10,8500,VIC,DD13100055,ESTADI,60.0,475.2,1020.0,0.03333333333333333
05/02/2026,11443257,DR0051,855190,PEREZ PEREZ NEWMAN GREGORIO,827963525,CJ13,CAJA DAMM+BOT.1/3RET VACIO EN P.PLAS.A13,2,CAJ,9100752860,SAZON DE LOS APOLOS,SAZON DE LOS APOLOS,Carretera d la Guixa 10,8500,VIC,DD13100055,ESTADI,,,,0.1
05/02/2026,11443257,DR0051,855190,PEREZ PEREZ NEWMAN GREGORIO,827963526,VE11,AGUA VERI 1/1 VIDRIO RET.,3,CAJ,9100746500,RUKU RESTAURANT,RUKU RESTAURANT,Carrer de Sant Sadurní 12,8500,VIC,DD13100069,VIC,40.0,480.0,863.6,0.075
05/02/2026,11443257,DR0051,855190,PEREZ PEREZ NEWMAN GREGORIO,827963526,CJ11V,CAJAS COMPLETAS 1/1 V,3,CAJ,9100746500,RUKU RESTAURANT,RUKU RESTAURANT,Carrer de Sant Sadurní 12,8500,VIC,DD13100069,VIC,,,,0.1
05/02/2026,11443257,DR0051,855190,PEREZ PEREZ NEWMAN GREGORIO,827963526,VE12,AGUA VERI 1/2 VIDRIO RET.,1,CAJ,9100746500,RUKU RESTAURANT,RUKU RESTAURANT,Carrer de Sant Sadurní 12,8500,VIC,DD13100069,VIC,50.0,500.0,1020.3,0.02
05/02/2026,11443257,DR0051,855190,PEREZ PEREZ NEWMAN GREGORIO,827963526,CJ12V,CAJAS COMPLETAS 1/2 V,1,CAJ,9100746500,RUKU RESTAURANT,RUKU RESTAURANT,Carrer de Sant Sadurní 12,8500,VIC,DD13100069,VIC,,,,0.1
05/02/2026,11443257,DR0051,855190,PEREZ PEREZ NEWMAN GREGORIO,827963526,PI12,AGUA PIRINEA 1/2 GAS RET,1,CAJ,9100746500,RUKU RESTAURANT,RUKU RESTAURANT,Carrer de Sant Sadurní 12,8500,VIC,DD13100069,VIC,50.0,500.0,1020.3,0.02
05/02/2026,11443257,DR0051,855190,PEREZ PEREZ NEWMAN GREGORIO,827963526,CJ12V,CAJAS COMPLETAS 1/2 V,1,CAJ,9100746500,RUKU RESTAURANT,RUKU RESTAURANT,Carrer de Sant Sadurní 12,8500,VIC,DD13100069,VIC,,,,0.1
05/02/2026,11443257,DR0051,855190,PEREZ PEREZ NEWMAN GREGORIO,827963527,ED13,ESTRELLA DAMM 1/3 RET. PP,5,CAJ,9100745910,ENTREPA I PA,ENTREPA I PA,Carrer de la Providència 23,8500,VIC,DD13100055,ESTADI,60.0,475.2,1020.0,0.08333333333333333
05/02/2026,11443257,DR0051,855190,PEREZ PEREZ NEWMAN GREGORIO,827963527,CJ13,CAJA DAMM+BOT.1/3RET VACIO EN P.PLAS.A13,5,CAJ,9100745910,ENTREPA I PA,ENTREPA I PA,Carrer de la Providència 23,8500,VIC,DD13100055,ESTADI,,,,0.1
05/02/2026,11443257,DR0051,855190,PEREZ PEREZ NEWMAN GREGORIO,827963527,ED30,ESTRELLA DAMM BARRIL 30,1,BRL,9100745910,ENTREPA I PA,ENTREPA I PA,Carrer de la Providència 23,8500,VIC,DD13100055,ESTADI,6.0,180.0,256.728,0.027777777777777776
05/02/2026,11443257,DR0051,855190,PEREZ PEREZ NEWMAN GREGORIO,827963527,BRL30V,BARRIL INOX 30L. EURONORMA,1,BRL,9100745910,ENTREPA I PA,ENTREPA I PA,Carrer de la Providència 23,8500,VIC,DD13100055,ESTADI,,,,0.1
05/02/2026,11443257,DR0051,855190,PEREZ PEREZ NEWMAN GREGORIO,827963527,TU20,TURIA BARRIL 20L.,1,BRL,9100745910,ENTREPA I PA,ENTREPA I PA,Carrer de la Providència 23,8500,VIC,DD13100055,ESTADI,15.0,300.0,410.88,0.027777777777777776
05/02/2026,11443257,DR0051,855190,PEREZ PEREZ NEWMAN GREGORIO,827963527,BRL20V,BARRIL INOX 20L. TANQUETA A16,1,BRL,9100745910,ENTREPA I PA,ENTREPA I PA,Carrer de la Providència 23,8500,VIC,DD13100055,ESTADI,,,,0.1
05/02/2026,11443257,DR0051,855190,PEREZ PEREZ NEWMAN GREGORIO,827963527,VE12SP,AGUA VERI 1/2 PET CAJA 24U. T.TH,1,CAJ,9100745910,ENTREPA I PA,ENTREPA I PA,Carrer de la Providència 23,8500,VIC,DD13100055,ESTADI,63.0,756.0,812.7,0.015873015873015872
05/02/2026,11443257,DR0051,855190,PEREZ PEREZ NEWMAN GREGORIO,827963527,VE32SP,"AGUA VERI 1,5L PET CAJA 12U.",1,CAJ,9100745910,ENTREPA I PA,ENTREPA I PA,Carrer de la Providència 23,8500,VIC,DD13100055,ESTADI,45.0,810.0,880.2,0.022222222222222223
05/02/2026,11443257,DR0051,855190,PEREZ PEREZ NEWMAN GREGORIO,827963527,NTL13LT6,NESTEA LIMON 1/3 LATA 4U-PACK 6U.,1,CAJ,9100745910,ENTREPA I PA,ENTREPA I PA,Carrer de la Providència 23,8500,VIC,DD13100055,ESTADI,99.0,784.08,853.914,0.010101010101010102
05/02/2026,11443257,DR0051,855190,PEREZ PEREZ NEWMAN GREGORIO,827963527,DL13,DAMM LEMON 1/3 RET,1,CAJ,9100745910,ENTREPA I PA,ENTREPA I PA,Carrer de la Providència 23,8500,VIC,DD13100055,ESTADI,60.0,475.2,1020.0,0.016666666666666666
05/02/2026,11443257,DR0051,855190,PEREZ PEREZ NEWMAN GREGORIO,827963527,CJ13,CAJA DAMM+BOT.1/3RET VACIO EN P.PLAS.A13,1,CAJ,9100745910,ENTREPA I PA,ENTREPA I PA,Carrer de la Providència 23,8500,VIC,DD13100055,ESTADI,,,,0.1
05/02/2026,11443257,DR0051,855190,PEREZ PEREZ NEWMAN GREGORIO,827963528,VE12SP,AGUA VERI 1/2 PET CAJA 24U. T.TH,3,CAJ,9100740503,BAR ÑAM LLODO,BAR ÑAM LLODO,Carrer Enric Prat de la Riba 16,8500,VIC,DD13100069,VIC,63.0,756.0,812.7,0.047619047619047616
05/02/2026,11443257,DR0051,855190,PEREZ PEREZ NEWMAN GREGORIO,827963528,0AM1012,CHOVI MAYONESA CLAS. 5KG,1,UN,9100740503,BAR ÑAM LLODO,BAR ÑAM LLODO,Carrer Enric Prat de la Riba 16,8500,VIC,DD13100069,VIC,,,,0.1
05/02/2026,11443257,DR0051,855190,PEREZ PEREZ NEWMAN GREGORIO,827963529,DL13,DAMM LEMON 1/3 RET,2,CAJ,9100727009,Vacanal Jubany - Hamburgueseria,Vacanal Jubany - Hamburgueseria,Plaça Major 36,8500,VIC,DD13100053,CENTRE,60.0,475.2,1020.0,0.03333333333333333
05/02/2026,11443257,DR0051,855190,PEREZ PEREZ NEWMAN GREGORIO,827963529,CJ13,CAJA DAMM+BOT.1/3RET VACIO EN P.PLAS.A13,2,CAJ,9100727009,Vacanal Jubany - Hamburgueseria,Vacanal Jubany - Hamburgueseria,Plaça Major 36,8500,VIC,DD13100053,CENTRE,,,,0.1
05/02/2026,11443257,DR0051,855190,PEREZ PEREZ NEWMAN GREGORIO,827963529,VE12,AGUA VERI 1/2 VIDRIO RET.,2,CAJ,9100727009,Vacanal Jubany - Hamburgueseria,Vacanal Jubany - Hamburgueseria,Plaça Major 36,8500,VIC,DD13100053,CENTRE,50.0,500.0,1020.3,0.04
05/02/2026,11443257,DR0051,855190,PEREZ PEREZ NEWMAN GREGORIO,827963529,CJ12V,CAJAS COMPLETAS 1/2 V,2,CAJ,9100727009,Vacanal Jubany - Hamburgueseria,Vacanal Jubany - Hamburgueseria,Plaça Major 36,8500,VIC,DD13100053,CENTRE,,,,0.1
05/02/2026,11443257,DR0051,855190,PEREZ PEREZ NEWMAN GREGORIO,827963529,0RF0489,SCHWEPPES TONICA 20CL SR 24U,1,CAJ,9100727009,Vacanal Jubany - Hamburgueseria,Vacanal Jubany - Hamburgueseria,Plaça Major 36,8500,VIC,DD13100053,CENTRE,84.0,475.2,1020.0,0.011904761904761904
05/02/2026,11443257,DR0051,855190,PEREZ PEREZ NEWMAN GREGORIO,827963529,DL13,DAMM LEMON 1/3 RET,1,CAJ,9100727009,Vacanal Jubany - Hamburgueseria,Vacanal Jubany - Hamburgueseria,Plaça Major 36,8500,VIC,DD13100053,CENTRE,60.0,475.2,1020.0,0.016666666666666666
05/02/2026,11443257,DR0051,855190,PEREZ PEREZ NEWMAN GREGORIO,827963529,CJ13,CAJA DAMM+BOT.1/3RET VACIO EN P.PLAS.A13,1,CAJ,9100727009,Vacanal Jubany - Hamburgueseria,Vacanal Jubany - Hamburgueseria,Plaça Major 36,8500,VIC,DD13100053,CENTRE,,,,0.1
05/02/2026,11443257,DR0051,855190,PEREZ PEREZ NEWMAN GREGORIO,827963530,ED13,ESTRELLA DAMM 1/3 RET. PP,4,CAJ,9100700207,CA LA MEI,CA LA MEI,Rambla del Carme 35,8500,VIC,DD13100053,CENTRE,60.0,475.2,1020.0,0.06666666666666667
05/02/2026,11443257,DR0051,855190,PEREZ PEREZ NEWMAN GREGORIO,827963530,CJ13,CAJA DAMM+BOT.1/3RET VACIO EN P.PLAS.A13,4,CAJ,9100700207,CA LA MEI,CA LA MEI,Rambla del Carme 35,8500,VIC,DD13100053,CENTRE,,,,0.1
05/02/2026,11443257,DR0051,855190,PEREZ PEREZ NEWMAN GREGORIO,827963530,TU20,TURIA BARRIL 20L.,1,BRL,9100700207,CA LA MEI,CA LA MEI,Rambla del Carme 35,8500,VIC,DD13100053,CENTRE,15.0,300.0,410.88,0.027777777777777776
05/02/2026,11443257,DR0051,855190,PEREZ PEREZ NEWMAN GREGORIO,827963530,BRL20V,BARRIL INOX 20L. TANQUETA A16,1,BRL,9100700207,CA LA MEI,CA LA MEI,Rambla del Carme 35,8500,VIC,DD13100053,CENTRE,,,,0.1
05/02/2026,11443257,DR0051,855190,PEREZ PEREZ NEWMAN GREGORIO,827963530,VE12SP,AGUA VERI 1/2 PET CAJA 24U. T.TH,2,CAJ,9100700207,CA LA MEI,CA LA MEI,Rambla del Carme 35,8500,VIC,DD13100053,CENTRE,63.0,756.0,812.7,0.031746031746031744
05/02/2026,11443257,DR0051,855190,PEREZ PEREZ NEWMAN GREGORIO,827963530,0VE2628,TORELLO CAVA BRUT NATURE 75CL 1U,1,UN,9100700207,CA LA MEI,CA LA MEI,Rambla del Carme 35,8500,VIC,DD13100053,CENTRE,,,,0.1
05/02/2026,11443257,DR0051,855190,PEREZ PEREZ NEWMAN GREGORIO,827963531,VE12SP,AGUA VERI 1/2 PET CAJA 24U. T.TH,5,CAJ,9100684868,AURIAL PADEL,AURIAL PADEL,Carrer de Figueres 14,8500,VIC,DD13100050,AFORES,63.0,756.0,812.7,0.07936507936507936
05/02/2026,11443257,DR0051,855190,PEREZ PEREZ NEWMAN GREGORIO,827963531,VE32SP,"AGUA VERI 1,5L PET CAJA 12U.",4,CAJ,9100684868,AURIAL PADEL,AURIAL PADEL,Carrer de Figueres 14,8500,VIC,DD13100050,AFORES,45.0,810.0,880.2,0.08888888888888889
05/02/2026,11443257,DR0051,855190,PEREZ PEREZ NEWMAN GREGORIO,827963531,0AG0183,VICHY CATALAN GAS 30CL RET 24U,1,CAJ,9100684868,AURIAL PADEL,AURIAL PADEL,Carrer de Figueres 14,8500,VIC,DD13100050,AFORES,48.0,0.0,0.0,0.020833333333333332
05/02/2026,11443257,DR0051,855190,PEREZ PEREZ NEWMAN GREGORIO,827963531,3ENV0236,C.C. AGUA 1/3 VICHY-FONT D'OR,1,CAJ,9100684868,AURIAL PADEL,AURIAL PADEL,Carrer de Figueres 14,8500,VIC,DD13100050,AFORES,,,,0.1
05/02/2026,11443257,DR0051,855190,PEREZ PEREZ NEWMAN GREGORIO,827963531,0LT0032,CACAOLAT VIDRIO 20CL RET 30U,1,CAJ,9100684868,AURIAL PADEL,AURIAL PADEL,Carrer de Figueres 14,8500,VIC,DD13100050,AFORES,48.0,0.0,0.0,0.020833333333333332
05/02/2026,11443257,DR0051,855190,PEREZ PEREZ NEWMAN GREGORIO,827963531,3ENV0029,C.C. CACAOLAT 30 U.,1,CAJ,9100684868,AURIAL PADEL,AURIAL PADEL,Carrer de Figueres 14,8500,VIC,DD13100050,AFORES,,,,0.1
05/02/2026,11443257,DR0051,855190,PEREZ PEREZ NEWMAN GREGORIO,827963531,0LT0090,LETONA SEMI SIN LACTOSA 1L PET 6U,1,CAJ,9100684868,AURIAL PADEL,AURIAL PADEL,Carrer de Figueres 14,8500,VIC,DD13100050,AFORES,105.0,0.0,0.0,0.009523809523809525
05/02/2026,11443257,DR0051,855190,PEREZ PEREZ NEWMAN GREGORIO,827963531,0LT0033,"LETONA GRAN CREME PET 1,5L PET 6U",2,CAJ,9100684868,AURIAL PADEL,AURIAL PADEL,Carrer de Figueres 14,8500,VIC,DD13100050,AFORES,80.0,0.0,0.0,0.025
05/02/2026,11443257,DR0051,855190,PEREZ PEREZ NEWMAN GREGORIO,827963532,ED15LN,ESTRELLA DAMM 1/5 LN,1,CAJ,9100610240,BAR TAVERNA D'PAS,BAR TAVERNA D'PAS,CALLE SANTIAGO RUSI#OL 1,8500,VIC,DD13100055,ESTADI,70.0,360.0,860.4,0.014285714285714285
05/02/2026,11443257,DR0051,855190,PEREZ PEREZ NEWMAN GREGORIO,827963532,CJ15,CAJA DAMM+BOT.1/5RET VACIO EN P.PLAS.A13,1,CAJ,9100610240,BAR TAVERNA D'PAS,BAR TAVERNA D'PAS,CALLE SANTIAGO RUSI#OL 1,8500,VIC,DD13100055,ESTADI,,,,0.1
05/02/2026,11443257,DR0051,855190,PEREZ PEREZ NEWMAN GREGORIO,827963532,0AM3864,FRIMASOL ACEITE GIRASOL 25L,1,UN,9100610240,BAR TAVERNA D'PAS,BAR TAVERNA D'PAS,CALLE SANTIAGO RUSI#OL 1,8500,VIC,DD13100055,ESTADI,30.0,0.0,0.0,0.005555555555555556
05/02/2026,11443257,DR0051,855190,PEREZ PEREZ NEWMAN GREGORIO,827963532,0AM5393,PROEZA CEBOLLA FRITA A.GIRASOL LATA 3KG,6,UN,9100610240,BAR TAVERNA D'PAS,BAR TAVERNA D'PAS,CALLE SANTIAGO RUSI#OL 1,8500,VIC,DD13100055,ESTADI,100.0,0.0,0.0,0.01
05/02/2026,11443257,DR0051,855190,PEREZ PEREZ NEWMAN GREGORIO,827963532,0LM1682,GC HIGIENICO JUMBO 2C COMPAC ECO 18U,1,CAJ,9100610240,BAR TAVERNA D'PAS,BAR TAVERNA D'PAS,CALLE SANTIAGO RUSI#OL 1,8500,VIC,DD13100055,ESTADI,,,,0.1
05/02/2026,11443257,DR0051,855190,PEREZ PEREZ NEWMAN GREGORIO,827963532,0LM1683,GC ECO SECAMANOS 2C 300X184MM 143M 6U,1,CAJ,9100610240,BAR TAVERNA D'PAS,BAR TAVERNA D'PAS,CALLE SANTIAGO RUSI#OL 1,8500,VIC,DD13100055,ESTADI,,,,0.1
05/02/2026,11443257,DR0051,855190,PEREZ PEREZ NEWMAN GREGORIO,827963532,0AM1616,ROMERO ESPAGUETIS HOSTELERIA 5KG,1,UN,9100610240,BAR TAVERNA D'PAS,BAR TAVERNA D'PAS,CALLE SANTIAGO RUSI#OL 1,8500,VIC,DD13100055,ESTADI,200.0,0.0,0.0,0.0008333333333333334
05/02/2026,11443257,DR0051,855190,PEREZ PEREZ NEWMAN GREGORIO,827963533,0LM2484,COMBO VASO+TAPA NAT 8OZ 250CC 50U,4,PAK,9100579824,"PULIT, S.A","PULIT, S.A",Carretera de Roda 61,8500,VIC,DD13100050,AFORES,,,,0.1
05/02/2026,11443257,DR0051,855190,PEREZ PEREZ NEWMAN GREGORIO,827963533,0LT0034,"LETONA SEMI ESPEC HOSTELERIA PET 1,5L 6U",2,CAJ,9100579824,"PULIT, S.A","PULIT, S.A",Carretera de Roda 61,8500,VIC,DD13100050,AFORES,80.0,0.0,0.0,0.025
05/02/2026,11443257,DR0051,855190,PEREZ PEREZ NEWMAN GREGORIO,827963534,ED13,ESTRELLA DAMM 1/3 RET. PP,2,CAJ,9100564797,CASINO DE VIC,CASINO DE VIC,CALLE JACINT VERDAGUER 5,8500,VIC,DD13100053,CENTRE,60.0,475.2,1020.0,0.03333333333333333
05/02/2026,11443257,DR0051,855190,PEREZ PEREZ NEWMAN GREGORIO,827963534,CJ13,CAJA DAMM+BOT.1/3RET VACIO EN P.PLAS.A13,2,CAJ,9100564797,CASINO DE VIC,CASINO DE VIC,CALLE JACINT VERDAGUER 5,8500,VIC,DD13100053,CENTRE,,,,0.1
05/02/2026,11443257,DR0051,855190,PEREZ PEREZ NEWMAN GREGORIO,827963534,ED15LN,ESTRELLA DAMM 1/5 LN,1,CAJ,9100564797,CASINO DE VIC,CASINO DE VIC,CALLE JACINT VERDAGUER 5,8500,VIC,DD13100053,CENTRE,70.0,360.0,860.4,0.014285714285714285
05/02/2026,11443257,DR0051,855190,PEREZ PEREZ NEWMAN GREGORIO,827963534,CJ15,CAJA DAMM+BOT.1/5RET VACIO EN P.PLAS.A13,1,CAJ,9100564797,CASINO DE VIC,CASINO DE VIC,CALLE JACINT VERDAGUER 5,8500,VIC,DD13100053,CENTRE,,,,0.1
05/02/2026,11443257,DR0051,855190,PEREZ PEREZ NEWMAN GREGORIO,827963534,FDT13,FREE DAMM TOSTADA 1/3 RET. PP,1,CAJ,9100564797,CASINO DE VIC,CASINO DE VIC,CALLE JACINT VERDAGUER 5,8500,VIC,DD13100053,CENTRE,60.0,475.2,1020.0,0.016666666666666666
05/02/2026,11443257,DR0051,855190,PEREZ PEREZ NEWMAN GREGORIO,827963534,CJ13,CAJA DAMM+BOT.1/3RET VACIO EN P.PLAS.A13,1,CAJ,9100564797,CASINO DE VIC,CASINO DE VIC,CALLE JACINT VERDAGUER 5,8500,VIC,DD13100053,CENTRE,,,,0.1
05/02/2026,11443257,DR0051,855190,PEREZ PEREZ NEWMAN GREGORIO,827963534,0AG0183,VICHY CATALAN GAS 30CL RET 24U,1,CAJ,9100564797,CASINO DE VIC,CASINO DE VIC,CALLE JACINT VERDAGUER 5,8500,VIC,DD13100053,CENTRE,48.0,0.0,0.0,0.020833333333333332
05/02/2026,11443257,DR0051,855190,PEREZ PEREZ NEWMAN GREGORIO,827963534,3ENV0236,C.C. AGUA 1/3 VICHY-FONT D'OR,1,CAJ,9100564797,CASINO DE VIC,CASINO DE VIC,CALLE JACINT VERDAGUER 5,8500,VIC,DD13100053,CENTRE,,,,0.1
05/02/2026,11443257,DR0051,855190,PEREZ PEREZ NEWMAN GREGORIO,827963534,0AG0006,FONT D.OR NATURAL 1/3 PET 35U,1,CAJ,9100564797,CASINO DE VIC,CASINO DE VIC,CALLE JACINT VERDAGUER 5,8500,VIC,DD13100053,CENTRE,64.0,0.0,812.8,0.015625
05/02/2026,11443257,DR0051,855190,PEREZ PEREZ NEWMAN GREGORIO,827963534,0LT0032,CACAOLAT VIDRIO 20CL RET 30U,1,CAJ,9100564797,CASINO DE VIC,CASINO DE VIC,CALLE JACINT VERDAGUER 5,8500,VIC,DD13100053,CENTRE,48.0,0.0,0.0,0.020833333333333332
05/02/2026,11443257,DR0051,855190,PEREZ PEREZ NEWMAN GREGORIO,827963534,3ENV0029,C.C. CACAOLAT 30 U.,1,CAJ,9100564797,CASINO DE VIC,CASINO DE VIC,CALLE JACINT VERDAGUER 5,8500,VIC,DD13100053,CENTRE,,,,0.1
05/02/2026,11443257,DR0051,855190,PEREZ PEREZ NEWMAN GREGORIO,827963534,0LT0033,"LETONA GRAN CREME PET 1,5L PET 6U",2,CAJ,9100564797,CASINO DE VIC,CASINO DE VIC,CALLE JACINT VERDAGUER 5,8500,VIC,DD13100053,CENTRE,80.0,0.0,0.0,0.025
05/02/2026,11443257,DR0051,855190,PEREZ PEREZ NEWMAN GREGORIO,827963534,0RF1697,/-COCA COLA IMPORT LATA33 24U,1,CAJ,9100564797,CASINO DE VIC,CASINO DE VIC,CALLE JACINT VERDAGUER 5,8500,VIC,DD13100053,CENTRE,99.0,0.0,972.0,0.010101010101010102
05/02/2026,11443257,DR0051,855190,PEREZ PEREZ NEWMAN GREGORIO,827963534,0RF0489,SCHWEPPES TONICA 20CL SR 24U,1,CAJ,9100564797,CASINO DE VIC,CASINO DE VIC,CALLE JACINT VERDAGUER 5,8500,VIC,DD13100053,CENTRE,84.0,475.2,1020.0,0.011904761904761904
05/02/2026,11443257,DR0051,855190,PEREZ PEREZ NEWMAN GREGORIO,827963534,0RF0109,/-BITTER KAS 200 SR 24U,1,CAJ,9100564797,CASINO DE VIC,CASINO DE VIC,CALLE JACINT VERDAGUER 5,8500,VIC,DD13100053,CENTRE,84.0,0.0,470.4,0.011904761904761904
05/02/2026,11443257,DR0051,855190,PEREZ PEREZ NEWMAN GREGORIO,827963534,0AM0166,"KIKKOMAN SALSA SOJA 1,9L",1,UN,9100564797,CASINO DE VIC,CASINO DE VIC,CALLE JACINT VERDAGUER 5,8500,VIC,DD13100053,CENTRE,224.0,0.0,0.0,0.000744047619047619
05/02/2026,11443257,DR0051,855190,PEREZ PEREZ NEWMAN GREGORIO,827963534,0AM5383,PROEZA TOMATE FRITO EXTRA LATA 3KG,6,UN,9100564797,CASINO DE VIC,CASINO DE VIC,CALLE JACINT VERDAGUER 5,8500,VIC,DD13100053,CENTRE,300.0,0.0,0.0,0.0033333333333333335
05/02/2026,11443257,DR0051,855190,PEREZ PEREZ NEWMAN GREGORIO,827963534,0ZU0024,GRANINI PIÑA 20CL 24U,1,CAJ,9100564797,CASINO DE VIC,CASINO DE VIC,CALLE JACINT VERDAGUER 5,8500,VIC,DD13100053,CENTRE,90.0,0.0,756.0,0.011111111111111112
05/02/2026,11443257,DR0051,855190,PEREZ PEREZ NEWMAN GREGORIO,827963534,0AM5392,PROEZA GARBANZOS EXTRA LATA 3KG,3,UN,9100564797,CASINO DE VIC,CASINO DE VIC,CALLE JACINT VERDAGUER 5,8500,VIC,DD13100053,CENTRE,,,,0.1
05/02/2026,11443257,DR0051,855190,PEREZ PEREZ NEWMAN GREGORIO,827963534,ED13,ESTRELLA DAMM 1/3 RET. PP,1,CAJ,9100564797,CASINO DE VIC,CASINO DE VIC,CALLE JACINT VERDAGUER 5,8500,VIC,DD13100053,CENTRE,60.0,475.2,1020.0,0.016666666666666666
05/02/2026,11443257,DR0051,855190,PEREZ PEREZ NEWMAN GREGORIO,827963534,CJ13,CAJA DAMM+BOT.1/3RET VACIO EN P.PLAS.A13,1,CAJ,9100564797,CASINO DE VIC,CASINO DE VIC,CALLE JACINT VERDAGUER 5,8500,VIC,DD13100053,CENTRE,,,,0.1
05/02/2026,11443257,DR0051,855190,PEREZ PEREZ NEWMAN GREGORIO,827963535,VE12SP,AGUA VERI 1/2 PET CAJA 24U. T.TH,3,CAJ,9100517701,CLUB BASQUET VIC,CLUB BASQUET VIC,PLAZA PARE MILLAN S/N,8500,VIC,DD13100050,AFORES,63.0,756.0,812.7,0.047619047619047616
05/02/2026,11443257,DR0051,855190,PEREZ PEREZ NEWMAN GREGORIO,827963535,VE32SP,"AGUA VERI 1,5L PET CAJA 12U.",3,CAJ,9100517701,CLUB BASQUET VIC,CLUB BASQUET VIC,PLAZA PARE MILLAN S/N,8500,VIC,DD13100050,AFORES,45.0,810.0,880.2,0.06666666666666667
05/02/2026,11443257,DR0051,855190,PEREZ PEREZ NEWMAN GREGORIO,827963535,0LT0103,YOSOY AVENA BARISTA 1L BRIK 6U,1,CAJ,9100517701,CLUB BASQUET VIC,CLUB BASQUET VIC,PLAZA PARE MILLAN S/N,8500,VIC,DD13100050,AFORES,125.0,0.0,0.0,0.008
05/02/2026,11443257,DR0051,855190,PEREZ PEREZ NEWMAN GREGORIO,827963535,0LT0033,"LETONA GRAN CREME PET 1,5L PET 6U",4,CAJ,9100517701,CLUB BASQUET VIC,CLUB BASQUET VIC,PLAZA PARE MILLAN S/N,8500,VIC,DD13100050,AFORES,80.0,0.0,0.0,0.05
05/02/2026,11443257,DR0051,855190,PEREZ PEREZ NEWMAN GREGORIO,827963535,0CF0411,MOMENT TEA ROJO PU ERH 15U,1,CAJ,9100517701,CLUB BASQUET VIC,CLUB BASQUET VIC,PLAZA PARE MILLAN S/N,8500,VIC,DD13100050,AFORES,,,,0.1
05/02/2026,11443257,DR0051,855190,PEREZ PEREZ NEWMAN GREGORIO,827963535,0CF0128,MOMENT TEA VERDEJENGIBRE 15U,1,CAJ,9100517701,CLUB BASQUET VIC,CLUB BASQUET VIC,PLAZA PARE MILLAN S/N,8500,VIC,DD13100050,AFORES,,,,0.1
05/02/2026,11443257,DR0051,855190,PEREZ PEREZ NEWMAN GREGORIO,827963535,0RF0019,/-COCA COLA LATA 33CL 24U,3,CAJ,9100517701,CLUB BASQUET VIC,CLUB BASQUET VIC,PLAZA PARE MILLAN S/N,8500,VIC,DD13100050,AFORES,108.0,0.0,972.0,0.027777777777777776
05/02/2026,11443257,DR0051,855190,PEREZ PEREZ NEWMAN GREGORIO,827963535,0CF0420,MOMENT TEA VERDE MO. HIERBA 15U,1,CAJ,9100517701,CLUB BASQUET VIC,CLUB BASQUET VIC,PLAZA PARE MILLAN S/N,8500,VIC,DD13100050,AFORES,,,,0.1
05/02/2026,11443257,DR0051,855190,PEREZ PEREZ NEWMAN GREGORIO,827963535,0CF0412,MOMENT TEA ROOIBOS COPACABANA 15U,1,CAJ,9100517701,CLUB BASQUET VIC,CLUB BASQUET VIC,PLAZA PARE MILLAN S/N,8500,VIC,DD13100050,AFORES,,,,0.1
05/02/2026,11443257,DR0051,855190,PEREZ PEREZ NEWMAN GREGORIO,827963535,0CF0418,MOMENT TEA PU ERH STRAWBERRY 15U,1,CAJ,9100517701,CLUB BASQUET VIC,CLUB BASQUET VIC,PLAZA PARE MILLAN S/N,8500,VIC,DD13100050,AFORES,,,,0.1
05/02/2026,11443257,DR0051,855190,PEREZ PEREZ NEWMAN GREGORIO,827963535,0CF0419,MOMENT TEA NEGRO SUE. CAN. 15U,1,CAJ,9100517701,CLUB BASQUET VIC,CLUB BASQUET VIC,PLAZA PARE MILLAN S/N,8500,VIC,DD13100050,AFORES,,,,0.1
05/02/2026,11443257,DR0051,855190,PEREZ PEREZ NEWMAN GREGORIO,827963535,0CF0414,MOMENT TEA GREEN MATCHA 15U,1,CAJ,9100517701,CLUB BASQUET VIC,CLUB BASQUET VIC,PLAZA PARE MILLAN S/N,8500,VIC,DD13100050,AFORES,,,,0.1
05/02/2026,11443257,DR0051,855190,PEREZ PEREZ NEWMAN GREGORIO,827963535,0CF0417,MOMENT TEA BLACKCHAI 15U,1,CAJ,9100517701,CLUB BASQUET VIC,CLUB BASQUET VIC,PLAZA PARE MILLAN S/N,8500,VIC,DD13100050,AFORES,,,,0.1
05/02/2026,11443257,DR0051,855190,PEREZ PEREZ NEWMAN GREGORIO,827963535,0CF1122,MOMENT TEA  CHAI TEA LATTE 10U,1,CAJ,9100517701,CLUB BASQUET VIC,CLUB BASQUET VIC,PLAZA PARE MILLAN S/N,8500,VIC,DD13100050,AFORES,100.0,0.0,0.0,0.01
05/02/2026,11443257,DR0051,855190,PEREZ PEREZ NEWMAN GREGORIO,827963535,0CF1123,MOMENT TEA  TÉ MATCHA LATTE 10U,1,CAJ,9100517701,CLUB BASQUET VIC,CLUB BASQUET VIC,PLAZA PARE MILLAN S/N,8500,VIC,DD13100050,AFORES,100.0,0.0,0.0,0.01
05/02/2026,11443257,DR0051,855190,PEREZ PEREZ NEWMAN GREGORIO,827963535,1PLV1120,EXPOSITOR MADERA MOMENT TEA,1,UN,9100517701,CLUB BASQUET VIC,CLUB BASQUET VIC,PLAZA PARE MILLAN S/N,8500,VIC,DD13100050,AFORES,100.0,0.0,0.0,0.0016666666666666668
05/02/2026,11443257,DR0051,855190,PEREZ PEREZ NEWMAN GREGORIO,827963535,0AM1634,XPLICIT EDULCORANTE 1G 150U,2,CAJ,9100517701,CLUB BASQUET VIC,CLUB BASQUET VIC,PLAZA PARE MILLAN S/N,8500,VIC,DD13100050,AFORES,1080.0,0.0,0.0,0.001851851851851852
05/02/2026,11443257,DR0051,855190,PEREZ PEREZ NEWMAN GREGORIO,827963536,VE12SP,AGUA VERI 1/2 PET CAJA 24U. T.TH,5,CAJ,9100397795,PADEL OSONA GURB,PADEL OSONA GURB,CALLE SANT ROC 29,8503,GURB,DD13100050,AFORES,63.0,756.0,812.7,0.07936507936507936
05/02/2026,11443257,DR0051,855190,PEREZ PEREZ NEWMAN GREGORIO,827963536,0AG0183,VICHY CATALAN GAS 30CL RET 24U,1,CAJ,9100397795,PADEL OSONA GURB,PADEL OSONA GURB,CALLE SANT ROC 29,8503,GURB,DD13100050,AFORES,48.0,0.0,0.0,0.020833333333333332
05/02/2026,11443257,DR0051,855190,PEREZ PEREZ NEWMAN GREGORIO,827963536,3ENV0236,C.C. AGUA 1/3 VICHY-FONT D'OR,1,CAJ,9100397795,PADEL OSONA GURB,PADEL OSONA GURB,CALLE SANT ROC 29,8503,GURB,DD13100050,AFORES,,,,0.1
05/02/2026,11443257,DR0051,855190,PEREZ PEREZ NEWMAN GREGORIO,827963536,0LT0036,CACAOLAT VIDRIO 20CL SR 24U,1,CAJ,9100397795,PADEL OSONA GURB,PADEL OSONA GURB,CALLE SANT ROC 29,8503,GURB,DD13100050,AFORES,84.0,0.0,0.0,0.011904761904761904
05/02/2026,11443257,DR0051,855190,PEREZ PEREZ NEWMAN GREGORIO,827963536,0LT0034,"LETONA SEMI ESPEC HOSTELERIA PET 1,5L 6U",2,CAJ,9100397795,PADEL OSONA GURB,PADEL OSONA GURB,CALLE SANT ROC 29,8503,GURB,DD13100050,AFORES,80.0,0.0,0.0,0.025
05/02/2026,11443257,DR0051,855190,PEREZ PEREZ NEWMAN GREGORIO,827963536,0RF0332,ZALA GASEOSA 50CL S/R 12U,1,CAJ,9100397795,PADEL OSONA GURB,PADEL OSONA GURB,CALLE SANT ROC 29,8503,GURB,DD13100050,AFORES,108.0,0.0,0.0,0.009259259259259259
05/02/2026,11443257,DR0051,855190,PEREZ PEREZ NEWMAN GREGORIO,827963536,0ZU0020,GRANINI MELOCOTON  20CL 24U,1,CAJ,9100397795,PADEL OSONA GURB,PADEL OSONA GURB,CALLE SANT ROC 29,8503,GURB,DD13100050,AFORES,90.0,0.0,756.0,0.011111111111111112
05/02/2026,11443257,DR0051,855190,PEREZ PEREZ NEWMAN GREGORIO,827963536,0ZU0024,GRANINI PIÑA 20CL 24U,1,CAJ,9100397795,PADEL OSONA GURB,PADEL OSONA GURB,CALLE SANT ROC 29,8503,GURB,DD13100050,AFORES,90.0,0.0,756.0,0.011111111111111112
05/02/2026,11443257,DR0051,855190,PEREZ PEREZ NEWMAN GREGORIO,827963536,0AM1278,BARGALLO ACEITE VIRGEN EXTRA 5L,1,UN,9100397795,PADEL OSONA GURB,PADEL OSONA GURB,CALLE SANT ROC 29,8503,GURB,DD13100050,AFORES,150.0,0.0,0.0,0.0011111111111111111
05/02/2026,11443257,DR0051,855190,PEREZ PEREZ NEWMAN GREGORIO,827963536,0AM5250,VERISOL RELLENA ANCHOA 200/220,1,UN,9100397795,PADEL OSONA GURB,PADEL OSONA GURB,CALLE SANT ROC 29,8503,GURB,DD13100050,AFORES,,,,0.1
05/02/2026,11443257,DR0051,855190,PEREZ PEREZ NEWMAN GREGORIO,827963536,0AM1569,TABASCO ROJO 60ML,2,UN,9100397795,PADEL OSONA GURB,PADEL OSONA GURB,CALLE SANT ROC 29,8503,GURB,DD13100050,AFORES,,,,0.1
05/02/2026,11443257,DR0051,855190,PEREZ PEREZ NEWMAN GREGORIO,827963537,ED13,ESTRELLA DAMM 1/3 RET. PP,2,CAJ,9100389125,ALOE,ALOE,MENENDEZ I PELAYO 1,8500,VIC,DD13100055,ESTADI,60.0,475.2,1020.0,0.03333333333333333
05/02/2026,11443257,DR0051,855190,PEREZ PEREZ NEWMAN GREGORIO,827963537,CJ13,CAJA DAMM+BOT.1/3RET VACIO EN P.PLAS.A13,2,CAJ,9100389125,ALOE,ALOE,MENENDEZ I PELAYO 1,8500,VIC,DD13100055,ESTADI,,,,0.1
05/02/2026,11443257,DR0051,855190,PEREZ PEREZ NEWMAN GREGORIO,827963537,0ZU0027,LAMBDA MELOCOTON SIN 20CL 24U,1,CAJ,9100389125,ALOE,ALOE,MENENDEZ I PELAYO 1,8500,VIC,DD13100055,ESTADI,1000.0,0.0,0.0,0.001
05/02/2026,11443257,DR0051,855190,PEREZ PEREZ NEWMAN GREGORIO,827963538,FD13,FREE DAMM 1/3 RET.,1,CAJ,9100374429,LA TAVERNA D'EN NORTON,LA TAVERNA D'EN NORTON,PLAZA PES 6,8500,VIC,DD13100053,CENTRE,60.0,475.2,1020.0,0.016666666666666666
05/02/2026,11443257,DR0051,855190,PEREZ PEREZ NEWMAN GREGORIO,827963538,CJ13,CAJA DAMM+BOT.1/3RET VACIO EN P.PLAS.A13,1,CAJ,9100374429,LA TAVERNA D'EN NORTON,LA TAVERNA D'EN NORTON,PLAZA PES 6,8500,VIC,DD13100053,CENTRE,,,,0.1
05/02/2026,11443257,DR0051,855190,PEREZ PEREZ NEWMAN GREGORIO,827963538,VE11,AGUA VERI 1/1 VIDRIO RET.,2,CAJ,9100374429,LA TAVERNA D'EN NORTON,LA TAVERNA D'EN NORTON,PLAZA PES 6,8500,VIC,DD13100053,CENTRE,40.0,480.0,863.6,0.05
05/02/2026,11443257,DR0051,855190,PEREZ PEREZ NEWMAN GREGORIO,827963538,CJ11V,CAJAS COMPLETAS 1/1 V,2,CAJ,9100374429,LA TAVERNA D'EN NORTON,LA TAVERNA D'EN NORTON,PLAZA PES 6,8500,VIC,DD13100053,CENTRE,,,,0.1
05/02/2026,11443257,DR0051,855190,PEREZ PEREZ NEWMAN GREGORIO,827963538,ED30,ESTRELLA DAMM BARRIL 30,1,BRL,9100374429,LA TAVERNA D'EN NORTON,LA TAVERNA D'EN NORTON,PLAZA PES 6,8500,VIC,DD13100053,CENTRE,6.0,180.0,256.728,0.027777777777777776
05/02/2026,11443257,DR0051,855190,PEREZ PEREZ NEWMAN GREGORIO,827963538,BRL30V,BARRIL INOX 30L. EURONORMA,1,BRL,9100374429,LA TAVERNA D'EN NORTON,LA TAVERNA D'EN NORTON,PLAZA PES 6,8500,VIC,DD13100053,CENTRE,,,,0.1
05/02/2026,11443257,DR0051,855190,PEREZ PEREZ NEWMAN GREGORIO,827963539,ED13,ESTRELLA DAMM 1/3 RET. PP,7,CAJ,9100374304,BAR PRIEGO,BAR PRIEGO,CALLE ENRIC PRAT DE LA RIBA 49,8500,VIC,DD13100055,ESTADI,60.0,475.2,1020.0,0.11666666666666667
05/02/2026,11443257,DR0051,855190,PEREZ PEREZ NEWMAN GREGORIO,827963539,CJ13,CAJA DAMM+BOT.1/3RET VACIO EN P.PLAS.A13,7,CAJ,9100374304,BAR PRIEGO,BAR PRIEGO,CALLE ENRIC PRAT DE LA RIBA 49,8500,VIC,DD13100055,ESTADI,,,,0.1
05/02/2026,11443257,DR0051,855190,PEREZ PEREZ NEWMAN GREGORIO,827963539,FD15,FREE DAMM 1/5 LN RET.,1,CAJ,9100374304,BAR PRIEGO,BAR PRIEGO,CALLE ENRIC PRAT DE LA RIBA 49,8500,VIC,DD13100055,ESTADI,70.0,420.0,983.01,0.014285714285714285
05/02/2026,11443257,DR0051,855190,PEREZ PEREZ NEWMAN GREGORIO,827963539,CJ15,CAJA DAMM+BOT.1/5RET VACIO EN P.PLAS.A13,1,CAJ,9100374304,BAR PRIEGO,BAR PRIEGO,CALLE ENRIC PRAT DE LA RIBA 49,8500,VIC,DD13100055,ESTADI,,,,0.1
05/02/2026,11443257,DR0051,855190,PEREZ PEREZ NEWMAN GREGORIO,827963539,VO15LN,VOLL DAMM 1/5 LN,1,CAJ,9100374304,BAR PRIEGO,BAR PRIEGO,CALLE ENRIC PRAT DE LA RIBA 49,8500,VIC,DD13100055,ESTADI,60.0,360.0,860.4,0.016666666666666666
05/02/2026,11443257,DR0051,855190,PEREZ PEREZ NEWMAN GREGORIO,827963539,CJ15,CAJA DAMM+BOT.1/5RET VACIO EN P.PLAS.A13,1,CAJ,9100374304,BAR PRIEGO,BAR PRIEGO,CALLE ENRIC PRAT DE LA RIBA 49,8500,VIC,DD13100055,ESTADI,,,,0.1
05/02/2026,11443257,DR0051,855190,PEREZ PEREZ NEWMAN GREGORIO,827963539,ED13,ESTRELLA DAMM 1/3 RET. PP,4,CAJ,9100374304,BAR PRIEGO,BAR PRIEGO,CALLE ENRIC PRAT DE LA RIBA 49,8500,VIC,DD13100055,ESTADI,60.0,475.2,1020.0,0.06666666666666667
05/02/2026,11443257,DR0051,855190,PEREZ PEREZ NEWMAN GREGORIO,827963539,CJ13,CAJA DAMM+BOT.1/3RET VACIO EN P.PLAS.A13,4,CAJ,9100374304,BAR PRIEGO,BAR PRIEGO,CALLE ENRIC PRAT DE LA RIBA 49,8500,VIC,DD13100055,ESTADI,,,,0.1
05/02/2026,11443257,DR0051,855190,PEREZ PEREZ NEWMAN GREGORIO,827963539,FD15,FREE DAMM 1/5 LN RET.,1,CAJ,9100374304,BAR PRIEGO,BAR PRIEGO,CALLE ENRIC PRAT DE LA RIBA 49,8500,VIC,DD13100055,ESTADI,70.0,420.0,983.01,0.014285714285714285
05/02/2026,11443257,DR0051,855190,PEREZ PEREZ NEWMAN GREGORIO,827963539,CJ15,CAJA DAMM+BOT.1/5RET VACIO EN P.PLAS.A13,1,CAJ,9100374304,BAR PRIEGO,BAR PRIEGO,CALLE ENRIC PRAT DE LA RIBA 49,8500,VIC,DD13100055,ESTADI,,,,0.1
05/02/2026,11443257,DR0051,855190,PEREZ PEREZ NEWMAN GREGORIO,827963539,XI13,XIBECA 5% 1/3 RET,1,CAJ,9100374304,BAR PRIEGO,BAR PRIEGO,CALLE ENRIC PRAT DE LA RIBA 49,8500,VIC,DD13100055,ESTADI,60.0,475.2,1020.0,0.016666666666666666
05/02/2026,11443257,DR0051,855190,PEREZ PEREZ NEWMAN GREGORIO,827963539,CJ13,CAJA DAMM+BOT.1/3RET VACIO EN P.PLAS.A13,1,CAJ,9100374304,BAR PRIEGO,BAR PRIEGO,CALLE ENRIC PRAT DE LA RIBA 49,8500,VIC,DD13100055,ESTADI,,,,0.1
05/02/2026,11443257,DR0051,855190,PEREZ PEREZ NEWMAN GREGORIO,827963540,ED13,ESTRELLA DAMM 1/3 RET. PP,7,CAJ,9100324575,BAR SOL NOU,BAR SOL NOU,PASEO GENERALITAT 8,8500,VIC,DD13100055,ESTADI,60.0,475.2,1020.0,0.11666666666666667
05/02/2026,11443257,DR0051,855190,PEREZ PEREZ NEWMAN GREGORIO,827963540,CJ13,CAJA DAMM+BOT.1/3RET VACIO EN P.PLAS.A13,7,CAJ,9100324575,BAR SOL NOU,BAR SOL NOU,PASEO GENERALITAT 8,8500,VIC,DD13100055,ESTADI,,,,0.1
05/02/2026,11443257,DR0051,855190,PEREZ PEREZ NEWMAN GREGORIO,827963540,FDT13,FREE DAMM TOSTADA 1/3 RET. PP,1,CAJ,9100324575,BAR SOL NOU,BAR SOL NOU,PASEO GENERALITAT 8,8500,VIC,DD13100055,ESTADI,60.0,475.2,1020.0,0.016666666666666666
05/02/2026,11443257,DR0051,855190,PEREZ PEREZ NEWMAN GREGORIO,827963540,CJ13,CAJA DAMM+BOT.1/3RET VACIO EN P.PLAS.A13,1,CAJ,9100324575,BAR SOL NOU,BAR SOL NOU,PASEO GENERALITAT 8,8500,VIC,DD13100055,ESTADI,,,,0.1
05/02/2026,11443257,DR0051,855190,PEREZ PEREZ NEWMAN GREGORIO,827963540,XI13,XIBECA 5% 1/3 RET,1,CAJ,9100324575,BAR SOL NOU,BAR SOL NOU,PASEO GENERALITAT 8,8500,VIC,DD13100055,ESTADI,60.0,475.2,1020.0,0.016666666666666666
05/02/2026,11443257,DR0051,855190,PEREZ PEREZ NEWMAN GREGORIO,827963540,CJ13,CAJA DAMM+BOT.1/3RET VACIO EN P.PLAS.A13,1,CAJ,9100324575,BAR SOL NOU,BAR SOL NOU,PASEO GENERALITAT 8,8500,VIC,DD13100055,ESTADI,,,,0.1
05/02/2026,11443257,DR0051,855190,PEREZ PEREZ NEWMAN GREGORIO,827963540,ED13,ESTRELLA DAMM 1/3 RET. PP,4,CAJ,9100324575,BAR SOL NOU,BAR SOL NOU,PASEO GENERALITAT 8,8500,VIC,DD13100055,ESTADI,60.0,475.2,1020.0,0.06666666666666667
05/02/2026,11443257,DR0051,855190,PEREZ PEREZ NEWMAN GREGORIO,827963540,CJ13,CAJA DAMM+BOT.1/3RET VACIO EN P.PLAS.A13,4,CAJ,9100324575,BAR SOL NOU,BAR SOL NOU,PASEO GENERALITAT 8,8500,VIC,DD13100055,ESTADI,,,,0.1
05/02/2026,11443257,DR0051,855190,PEREZ PEREZ NEWMAN GREGORIO,827963540,FD13,FREE DAMM 1/3 RET.,1,CAJ,9100324575,BAR SOL NOU,BAR SOL NOU,PASEO GENERALITAT 8,8500,VIC,DD13100055,ESTADI,60.0,475.2,1020.0,0.016666666666666666
05/02/2026,11443257,DR0051,855190,PEREZ PEREZ NEWMAN GREGORIO,827963540,CJ13,CAJA DAMM+BOT.1/3RET VACIO EN P.PLAS.A13,1,CAJ,9100324575,BAR SOL NOU,BAR SOL NOU,PASEO GENERALITAT 8,8500,VIC,DD13100055,ESTADI,,,,0.1
05/02/2026,11443257,DR0051,855190,PEREZ PEREZ NEWMAN GREGORIO,827963540,XI13,XIBECA 5% 1/3 RET,1,CAJ,9100324575,BAR SOL NOU,BAR SOL NOU,PASEO GENERALITAT 8,8500,VIC,DD13100055,ESTADI,60.0,475.2,1020.0,0.016666666666666666
05/02/2026,11443257,DR0051,855190,PEREZ PEREZ NEWMAN GREGORIO,827963540,CJ13,CAJA DAMM+BOT.1/3RET VACIO EN P.PLAS.A13,1,CAJ,9100324575,BAR SOL NOU,BAR SOL NOU,PASEO GENERALITAT 8,8500,VIC,DD13100055,ESTADI,,,,0.1
05/02/2026,11443257,DR0051,855190,PEREZ PEREZ NEWMAN GREGORIO,827963541,ED13,ESTRELLA DAMM 1/3 RET. PP,2,CAJ,9100158925,VINS I BEGUDES REMEI,VINS I BEGUDES REMEI,CALLE VIRREI AVILES 28,8500,VIC,DD13100055,ESTADI,60.0,475.2,1020.0,0.03333333333333333
05/02/2026,11443257,DR0051,855190,PEREZ PEREZ NEWMAN GREGORIO,827963541,CJ13,CAJA DAMM+BOT.1/3RET VACIO EN P.PLAS.A13,2,CAJ,9100158925,VINS I BEGUDES REMEI,VINS I BEGUDES REMEI,CALLE VIRREI AVILES 28,8500,VIC,DD13100055,ESTADI,,,,0.1
05/02/2026,11443257,DR0051,855190,PEREZ PEREZ NEWMAN GREGORIO,827963541,ED13,ESTRELLA DAMM 1/3 RET. PP,1,CAJ,9100158925,VINS I BEGUDES REMEI,VINS I BEGUDES REMEI,CALLE VIRREI AVILES 28,8500,VIC,DD13100055,ESTADI,60.0,475.2,1020.0,0.016666666666666666
05/02/2026,11443257,DR0051,855190,PEREZ PEREZ NEWMAN GREGORIO,827963541,CJ13,CAJA DAMM+BOT.1/3RET VACIO EN P.PLAS.A13,1,CAJ,9100158925,VINS I BEGUDES REMEI,VINS I BEGUDES REMEI,CALLE VIRREI AVILES 28,8500,VIC,DD13100055,ESTADI,,,,0.1
05/02/2026,11443257,DR0051,855190,PEREZ PEREZ NEWMAN GREGORIO,827963542,FD13,FREE DAMM 1/3 RET.,2,CAJ,9100134828,EL CALIU RESTAURANT (VIC),EL CALIU RESTAURANT (VIC),CALLE RIERA 13,8500,VIC,DD13100053,CENTRE,60.0,475.2,1020.0,0.03333333333333333
05/02/2026,11443257,DR0051,855190,PEREZ PEREZ NEWMAN GREGORIO,827963542,CJ13,CAJA DAMM+BOT.1/3RET VACIO EN P.PLAS.A13,2,CAJ,9100134828,EL CALIU RESTAURANT (VIC),EL CALIU RESTAURANT (VIC),CALLE RIERA 13,8500,VIC,DD13100053,CENTRE,,,,0.1
05/02/2026,11443257,DR0051,855190,PEREZ PEREZ NEWMAN GREGORIO,827963542,VO13,VOLL-DAMM 1/3 RET.,1,CAJ,9100134828,EL CALIU RESTAURANT (VIC),EL CALIU RESTAURANT (VIC),CALLE RIERA 13,8500,VIC,DD13100053,CENTRE,60.0,475.2,1020.0,0.016666666666666666
05/02/2026,11443257,DR0051,855190,PEREZ PEREZ NEWMAN GREGORIO,827963542,CJ13,CAJA DAMM+BOT.1/3RET VACIO EN P.PLAS.A13,1,CAJ,9100134828,EL CALIU RESTAURANT (VIC),EL CALIU RESTAURANT (VIC),CALLE RIERA 13,8500,VIC,DD13100053,CENTRE,,,,0.1
05/02/2026,11443257,DR0051,855190,PEREZ PEREZ NEWMAN GREGORIO,827963542,ED30,ESTRELLA DAMM BARRIL 30,1,BRL,9100134828,EL CALIU RESTAURANT (VIC),EL CALIU RESTAURANT (VIC),CALLE RIERA 13,8500,VIC,DD13100053,CENTRE,6.0,180.0,256.728,0.027777777777777776
05/02/2026,11443257,DR0051,855190,PEREZ PEREZ NEWMAN GREGORIO,827963542,BRL30V,BARRIL INOX 30L. EURONORMA,1,BRL,9100134828,EL CALIU RESTAURANT (VIC),EL CALIU RESTAURANT (VIC),CALLE RIERA 13,8500,VIC,DD13100053,CENTRE,,,,0.1
05/02/2026,11443257,DR0051,855190,PEREZ PEREZ NEWMAN GREGORIO,827963542,VE12,AGUA VERI 1/2 VIDRIO RET.,12,CAJ,9100134828,EL CALIU RESTAURANT (VIC),EL CALIU RESTAURANT (VIC),CALLE RIERA 13,8500,VIC,DD13100053,CENTRE,50.0,500.0,1020.3,0.24
05/02/2026,11443257,DR0051,855190,PEREZ PEREZ NEWMAN GREGORIO,827963542,CJ12V,CAJAS COMPLETAS 1/2 V,12,CAJ,9100134828,EL CALIU RESTAURANT (VIC),EL CALIU RESTAURANT (VIC),CALLE RIERA 13,8500,VIC,DD13100053,CENTRE,,,,0.1
05/02/2026,11443257,DR0051,855190,PEREZ PEREZ NEWMAN GREGORIO,827963542,VE32SP,"AGUA VERI 1,5L PET CAJA 12U.",6,CAJ,9100134828,EL CALIU RESTAURANT (VIC),EL CALIU RESTAURANT (VIC),CALLE RIERA 13,8500,VIC,DD13100053,CENTRE,45.0,810.0,880.2,0.13333333333333333
05/02/2026,11443257,DR0051,855190,PEREZ PEREZ NEWMAN GREGORIO,827963542,0AG0011,VICHY CATALAN GAS 1/2 RET 20U,1,CAJ,9100134828,EL CALIU RESTAURANT (VIC),EL CALIU RESTAURANT (VIC),CALLE RIERA 13,8500,VIC,DD13100053,CENTRE,40.0,0.0,688.0,0.025
05/02/2026,11443257,DR0051,855190,PEREZ PEREZ NEWMAN GREGORIO,827963542,3ENV0041,C.C. AGUA 1/2 VICHY-FONT D'OR,1,CAJ,9100134828,EL CALIU RESTAURANT (VIC),EL CALIU RESTAURANT (VIC),CALLE RIERA 13,8500,VIC,DD13100053,CENTRE,,,,0.1
05/02/2026,11443257,DR0051,855190,PEREZ PEREZ NEWMAN GREGORIO,827963542,0RF0006,FUENTPINOS GASEOSA 50CL RET 20U ,2,CAJ,9100134828,EL CALIU RESTAURANT (VIC),EL CALIU RESTAURANT (VIC),CALLE RIERA 13,8500,VIC,DD13100053,CENTRE,36.0,0.0,0.0,0.05555555555555555
05/02/2026,11443257,DR0051,855190,PEREZ PEREZ NEWMAN GREGORIO,827963542,3ENV0038,C.C.GASEOSA 1/2 FUENTPINOS     ,2,CAJ,9100134828,EL CALIU RESTAURANT (VIC),EL CALIU RESTAURANT (VIC),CALLE RIERA 13,8500,VIC,DD13100053,CENTRE,,,,0.1
05/02/2026,11443257,DR0051,855190,PEREZ PEREZ NEWMAN GREGORIO,827963542,0AM3979,LOTUS BISCOFF BISCUITS CRUMB 750G,1,UN,9100134828,EL CALIU RESTAURANT (VIC),EL CALIU RESTAURANT (VIC),CALLE RIERA 13,8500,VIC,DD13100053,CENTRE,,,,0.1
05/02/2026,11443257,DR0051,855190,PEREZ PEREZ NEWMAN GREGORIO,827963542,0LM0506,GC SECAMANOS NATURE 2C.106M 235X200 6U,3,CAJ,9100134828,EL CALIU RESTAURANT (VIC),EL CALIU RESTAURANT (VIC),CALLE RIERA 13,8500,VIC,DD13100053,CENTRE,,,,0.1
05/02/2026,11443257,DR0051,855190,PEREZ PEREZ NEWMAN GREGORIO,827963542,FDT13,FREE DAMM TOSTADA 1/3 RET. PP,1,CAJ,9100134828,EL CALIU RESTAURANT (VIC),EL CALIU RESTAURANT (VIC),CALLE RIERA 13,8500,VIC,DD13100053,CENTRE,60.0,475.2,1020.0,0.016666666666666666
05/02/2026,11443257,DR0051,855190,PEREZ PEREZ NEWMAN GREGORIO,827963542,CJ13,CAJA DAMM+BOT.1/3RET VACIO EN P.PLAS.A13,1,CAJ,9100134828,EL CALIU RESTAURANT (VIC),EL CALIU RESTAURANT (VIC),CALLE RIERA 13,8500,VIC,DD13100053,CENTRE,,,,0.1
05/02/2026,11443257,DR0051,855190,PEREZ PEREZ NEWMAN GREGORIO,827963543,ED15LN,ESTRELLA DAMM 1/5 LN,12,CAJ,9100058850,BAR LA PISTA,BAR LA PISTA,CALLE SOLEDAT 4,8500,VIC,DD13100055,ESTADI,70.0,360.0,860.4,0.17142857142857143
05/02/2026,11443257,DR0051,855190,PEREZ PEREZ NEWMAN GREGORIO,827963543,CJ15,CAJA DAMM+BOT.1/5RET VACIO EN P.PLAS.A13,12,CAJ,9100058850,BAR LA PISTA,BAR LA PISTA,CALLE SOLEDAT 4,8500,VIC,DD13100055,ESTADI,,,,0.1
05/02/2026,11443257,DR0051,855190,PEREZ PEREZ NEWMAN GREGORIO,827963543,ED30,ESTRELLA DAMM BARRIL 30,1,BRL,9100058850,BAR LA PISTA,BAR LA PISTA,CALLE SOLEDAT 4,8500,VIC,DD13100055,ESTADI,6.0,180.0,256.728,0.027777777777777776
05/02/2026,11443257,DR0051,855190,PEREZ PEREZ NEWMAN GREGORIO,827963543,BRL30V,BARRIL INOX 30L. EURONORMA,1,BRL,9100058850,BAR LA PISTA,BAR LA PISTA,CALLE SOLEDAT 4,8500,VIC,DD13100055,ESTADI,,,,0.1
05/02/2026,11443257,DR0051,855190,PEREZ PEREZ NEWMAN GREGORIO,827963543,ED15LN,ESTRELLA DAMM 1/5 LN,8,CAJ,9100058850,BAR LA PISTA,BAR LA PISTA,CALLE SOLEDAT 4,8500,VIC,DD13100055,ESTADI,70.0,360.0,860.4,0.11428571428571428
05/02/2026,11443257,DR0051,855190,PEREZ PEREZ NEWMAN GREGORIO,827963543,CJ15,CAJA DAMM+BOT.1/5RET VACIO EN P.PLAS.A13,8,CAJ,9100058850,BAR LA PISTA,BAR LA PISTA,CALLE SOLEDAT 4,8500,VIC,DD13100055,ESTADI,,,,0.1
05/02/2026,11443257,DR0051,855190,PEREZ PEREZ NEWMAN GREGORIO,827963544,ED13,ESTRELLA DAMM 1/3 RET. PP,4,CAJ,9100058727,SNACK (VIC),SNACK (VIC),Plaça Major 28,8500,VIC,DD13100053,CENTRE,60.0,475.2,1020.0,0.06666666666666667
05/02/2026,11443257,DR0051,855190,PEREZ PEREZ NEWMAN GREGORIO,827963544,CJ13,CAJA DAMM+BOT.1/3RET VACIO EN P.PLAS.A13,4,CAJ,9100058727,SNACK (VIC),SNACK (VIC),Plaça Major 28,8500,VIC,DD13100053,CENTRE,,,,0.1
05/02/2026,11443257,DR0051,855190,PEREZ PEREZ NEWMAN GREGORIO,827963544,VE13,AGUA VERI 1/3 VIDRIO RET.,2,CAJ,9100058727,SNACK (VIC),SNACK (VIC),Plaça Major 28,8500,VIC,DD13100053,CENTRE,60.0,475.2,1029.0,0.03333333333333333
05/02/2026,11443257,DR0051,855190,PEREZ PEREZ NEWMAN GREGORIO,827963544,CJ13V,CAJAS COMPLETAS 1/3 V,2,CAJ,9100058727,SNACK (VIC),SNACK (VIC),Plaça Major 28,8500,VIC,DD13100053,CENTRE,,,,0.1
05/02/2026,11443257,DR0051,855190,PEREZ PEREZ NEWMAN GREGORIO,827963544,0AG0183,VICHY CATALAN GAS 30CL RET 24U,1,CAJ,9100058727,SNACK (VIC),SNACK (VIC),Plaça Major 28,8500,VIC,DD13100053,CENTRE,48.0,0.0,0.0,0.020833333333333332
05/02/2026,11443257,DR0051,855190,PEREZ PEREZ NEWMAN GREGORIO,827963544,3ENV0236,C.C. AGUA 1/3 VICHY-FONT D'OR,1,CAJ,9100058727,SNACK (VIC),SNACK (VIC),Plaça Major 28,8500,VIC,DD13100053,CENTRE,,,,0.1
05/02/2026,11443257,DR0051,855190,PEREZ PEREZ NEWMAN GREGORIO,827963544,0VE0524,SEÑORIO DE LIZIA VERDEJO RUEDA 75CL 6U,4,CAJ,9100058727,SNACK (VIC),SNACK (VIC),Plaça Major 28,8500,VIC,DD13100053,CENTRE,125.0,0.0,0.0,0.032
05/02/2026,11443257,DR0051,855190,PEREZ PEREZ NEWMAN GREGORIO,827963544,0AM4997,BAYMAR BERBERECHOS NATURAL OL120 50/60,20,UN,9100058727,SNACK (VIC),SNACK (VIC),Plaça Major 28,8500,VIC,DD13100053,CENTRE,,,,0.1
05/02/2026,11443257,DR0051,855190,PEREZ PEREZ NEWMAN GREGORIO,827963544,0AM0959,"MILLAS SALSA PAPAS BRAVA 1,85L",4,UN,9100058727,SNACK (VIC),SNACK (VIC),Plaça Major 28,8500,VIC,DD13100053,CENTRE,1.0,0.0,0.0,0.6666666666666666
05/02/2026,11443257,DR0051,855190,PEREZ PEREZ NEWMAN GREGORIO,827963544,ED13,ESTRELLA DAMM 1/3 RET. PP,2,CAJ,9100058727,SNACK (VIC),SNACK (VIC),Plaça Major 28,8500,VIC,DD13100053,CENTRE,60.0,475.2,1020.0,0.03333333333333333
05/02/2026,11443257,DR0051,855190,PEREZ PEREZ NEWMAN GREGORIO,827963544,CJ13,CAJA DAMM+BOT.1/3RET VACIO EN P.PLAS.A13,2,CAJ,9100058727,SNACK (VIC),SNACK (VIC),Plaça Major 28,8500,VIC,DD13100053,CENTRE,,,,0.1
05/02/2026,11443257,DR0051,855190,PEREZ PEREZ NEWMAN GREGORIO,827963544,0LM2431,BOLSA IND. DE BASURA G120 85x104CM 10U,4,CAJ,9100058727,SNACK (VIC),SNACK (VIC),Plaça Major 28,8500,VIC,DD13100053,CENTRE,,,,0.1
05/02/2026,11443257,DR0051,855190,PEREZ PEREZ NEWMAN GREGORIO,827963544,0LM1679,DON PALILLO CAÑAS PAPEL BLANCAS6X200 250,1,UN,9100058727,SNACK (VIC),SNACK (VIC),Plaça Major 28,8500,VIC,DD13100053,CENTRE,640.0,0.0,0.0,0.00026041666666666666
05/02/2026,11443257,DR0051,855190,PEREZ PEREZ NEWMAN GREGORIO,827963545,ED13,ESTRELLA DAMM 1/3 RET. PP,3,CAJ,9100058476,GUSTUM AREAS 2 (GIRONA-LLEIDA),GUSTUM AREAS 2 (GIRONA-LLEIDA),"CARRETERA C-25 EIX TRANSVE KM 174,6",8503,GURB,DD13100050,AFORES,60.0,475.2,1020.0,0.05
05/02/2026,11443257,DR0051,855190,PEREZ PEREZ NEWMAN GREGORIO,827963545,CJ13,CAJA DAMM+BOT.1/3RET VACIO EN P.PLAS.A13,3,CAJ,9100058476,GUSTUM AREAS 2 (GIRONA-LLEIDA),GUSTUM AREAS 2 (GIRONA-LLEIDA),"CARRETERA C-25 EIX TRANSVE KM 174,6",8503,GURB,DD13100050,AFORES,,,,0.1
05/02/2026,11443257,DR0051,855190,PEREZ PEREZ NEWMAN GREGORIO,827963545,VO13,VOLL-DAMM 1/3 RET.,1,CAJ,9100058476,GUSTUM AREAS 2 (GIRONA-LLEIDA),GUSTUM AREAS 2 (GIRONA-LLEIDA),"CARRETERA C-25 EIX TRANSVE KM 174,6",8503,GURB,DD13100050,AFORES,60.0,475.2,1020.0,0.016666666666666666
05/02/2026,11443257,DR0051,855190,PEREZ PEREZ NEWMAN GREGORIO,827963545,CJ13,CAJA DAMM+BOT.1/3RET VACIO EN P.PLAS.A13,1,CAJ,9100058476,GUSTUM AREAS 2 (GIRONA-LLEIDA),GUSTUM AREAS 2 (GIRONA-LLEIDA),"CARRETERA C-25 EIX TRANSVE KM 174,6",8503,GURB,DD13100050,AFORES,,,,0.1
05/02/2026,11443257,DR0051,855190,PEREZ PEREZ NEWMAN GREGORIO,827963545,ED30,ESTRELLA DAMM BARRIL 30,1,BRL,9100058476,GUSTUM AREAS 2 (GIRONA-LLEIDA),GUSTUM AREAS 2 (GIRONA-LLEIDA),"CARRETERA C-25 EIX TRANSVE KM 174,6",8503,GURB,DD13100050,AFORES,6.0,180.0,256.728,0.027777777777777776
05/02/2026,11443257,DR0051,855190,PEREZ PEREZ NEWMAN GREGORIO,827963545,BRL30V,BARRIL INOX 30L. EURONORMA,1,BRL,9100058476,GUSTUM AREAS 2 (GIRONA-LLEIDA),GUSTUM AREAS 2 (GIRONA-LLEIDA),"CARRETERA C-25 EIX TRANSVE KM 174,6",8503,GURB,DD13100050,AFORES,,,,0.1
05/02/2026,11443257,DR0051,855190,PEREZ PEREZ NEWMAN GREGORIO,827963545,0AM5394,PROEZA ATUN A.GIRASOL BOLSA 1KG,16,UN,9100058476,GUSTUM AREAS 2 (GIRONA-LLEIDA),GUSTUM AREAS 2 (GIRONA-LLEIDA),"CARRETERA C-25 EIX TRANSVE KM 174,6",8503,GURB,DD13100050,AFORES,864.0,0.0,0.0,0.0030864197530864196
05/02/2026,11443257,DR0051,855190,PEREZ PEREZ NEWMAN GREGORIO,827963546,ED13,ESTRELLA DAMM 1/3 RET. PP,6,CAJ,9100058446,GUSTUM AREAS 1 (LLEIDA-GIRONA),GUSTUM AREAS 1 (LLEIDA-GIRONA),"CARRETERA C-25 EIX TRANSVE KM 174,6",8503,GURB,DD13100050,AFORES,60.0,475.2,1020.0,0.1
05/02/2026,11443257,DR0051,855190,PEREZ PEREZ NEWMAN GREGORIO,827963546,CJ13,CAJA DAMM+BOT.1/3RET VACIO EN P.PLAS.A13,6,CAJ,9100058446,GUSTUM AREAS 1 (LLEIDA-GIRONA),GUSTUM AREAS 1 (LLEIDA-GIRONA),"CARRETERA C-25 EIX TRANSVE KM 174,6",8503,GURB,DD13100050,AFORES,,,,0.1
05/02/2026,11443257,DR0051,855190,PEREZ PEREZ NEWMAN GREGORIO,827963546,ED15LN,ESTRELLA DAMM 1/5 LN,1,CAJ,9100058446,GUSTUM AREAS 1 (LLEIDA-GIRONA),GUSTUM AREAS 1 (LLEIDA-GIRONA),"CARRETERA C-25 EIX TRANSVE KM 174,6",8503,GURB,DD13100050,AFORES,70.0,360.0,860.4,0.014285714285714285
05/02/2026,11443257,DR0051,855190,PEREZ PEREZ NEWMAN GREGORIO,827963546,CJ15,CAJA DAMM+BOT.1/5RET VACIO EN P.PLAS.A13,1,CAJ,9100058446,GUSTUM AREAS 1 (LLEIDA-GIRONA),GUSTUM AREAS 1 (LLEIDA-GIRONA),"CARRETERA C-25 EIX TRANSVE KM 174,6",8503,GURB,DD13100050,AFORES,,,,0.1
05/02/2026,11443257,DR0051,855190,PEREZ PEREZ NEWMAN GREGORIO,827963546,FDT13,FREE DAMM TOSTADA 1/3 RET. PP,1,CAJ,9100058446,GUSTUM AREAS 1 (LLEIDA-GIRONA),GUSTUM AREAS 1 (LLEIDA-GIRONA),"CARRETERA C-25 EIX TRANSVE KM 174,6",8503,GURB,DD13100050,AFORES,60.0,475.2,1020.0,0.016666666666666666
05/02/2026,11443257,DR0051,855190,PEREZ PEREZ NEWMAN GREGORIO,827963546,CJ13,CAJA DAMM+BOT.1/3RET VACIO EN P.PLAS.A13,1,CAJ,9100058446,GUSTUM AREAS 1 (LLEIDA-GIRONA),GUSTUM AREAS 1 (LLEIDA-GIRONA),"CARRETERA C-25 EIX TRANSVE KM 174,6",8503,GURB,DD13100050,AFORES,,,,0.1
05/02/2026,11443257,DR0051,855190,PEREZ PEREZ NEWMAN GREGORIO,827963546,0AG0052,VICHY CATALAN GAS 1/2 PET 24U,1,CAJ,9100058446,GUSTUM AREAS 1 (LLEIDA-GIRONA),GUSTUM AREAS 1 (LLEIDA-GIRONA),"CARRETERA C-25 EIX TRANSVE KM 174,6",8503,GURB,DD13100050,AFORES,54.0,0.0,0.0,0.018518518518518517
05/02/2026,11443257,DR0051,855190,PEREZ PEREZ NEWMAN GREGORIO,827963547,0ZU0032,JUVER NECTAR PIÑA 20CL 24U,1,CAJ,136675,MGA GP VIC,MGA GP VIC,"CTRA. DE SANT HIPÒLIT, 53 (NAU 4)",8500,VIC,DD13100050,AFORES,88.0,0.0,0.0,0.011363636363636364
05/02/2026,11443257,DR0051,855190,PEREZ PEREZ NEWMAN GREGORIO,827963547,0LI0270,JAGERMEISTER LICOR HIERBAS 70CL,1,BOT,136675,MGA GP VIC,MGA GP VIC,"CTRA. DE SANT HIPÒLIT, 53 (NAU 4)",8500,VIC,DD13100050,AFORES,2000.0,0.0,0.0,8.333333333333333e-05
05/02/2026,11443257,DR0051,855190,PEREZ PEREZ NEWMAN GREGORIO,841033693,0AM1615,ROMERO MACARRONES PLUMAS Nº5 HOST. 5KG,1,UN,9100610240,BAR TAVERNA D'PAS,BAR TAVERNA D'PAS,CALLE SANTIAGO RUSI#OL 1,8500,VIC,DD13100055,ESTADI,120.0,0.0,0.0,0.001388888888888889
05/02/2026,11443257,DR0051,855190,PEREZ PEREZ NEWMAN GREGORIO,841033694,CJ12V,CAJAS COMPLETAS 1/2 V,3,CAJ,9100134828,EL CALIU RESTAURANT (VIC),EL CALIU RESTAURANT (VIC),CALLE RIERA 13,8500,VIC,DD13100053,CENTRE,,,,0.1
